MON-PLEN-1,David,Eelbode
MON-PLEN-2,Pierre-Philippe,Dechant
,,
MON-403-1,,
MON-403-2,,
MON-403-3,,
MON-403-4,,
MON-403-5,,
MON-403-6,,
MON-403-7,,
,,
MON-404-1,,
MON-404-2,,
MON-404-3,,
MON-404-4,,
MON-404-5,,
MON-404-6,,
MON-404-7,,
,,
TUE-PLEN-1,,
TUE-PLEN-2,,
TUE-PLEN-3,,
,,
TUE-403-1,,
TUE-403-2,,
TUE-403-3,,
TUE-403-4,,
TUE-403-5,,
TUE-403-6,,
TUE-403-7,,
TUE-403-8,,
,,
TUE-404-1,,
TUE-404-2,,
TUE-404-3,,
TUE-404-4,,
TUE-404-5,,
TUE-404-6,,
TUE-404-7,,
TUE-404-8,,
,,
TUE-405-1,,
TUE-405-2,,
TUE-405-3,,
TUE-405-4,,
TUE-405-5,,
TUE-405-6,,
TUE-405-7,,
TUE-405-8,,
,,
THU-PLEN-1,,
THU-PLEN-2,,
THU-PLEN-3,,
,,
THU-403-1,,
THU-403-2,,
THU-403-3,,
THU-403-4,,
THU-403-5,,
THU-403-6,,
THU-403-7,,
THU-403-8,,
,,
THU-404-1,,
THU-404-2,,
THU-404-3,,
THU-404-4,,
THU-404-5,,
THU-404-6,,
THU-404-7,,
THU-404-8,,
,,
THU-405-1,,
THU-405-2,,
THU-405-3,,
THU-405-4,,
THU-405-5,,
THU-405-6,,
,,
FRI-PLEN-1,,
FRI-PLEN-2,,
FRI-PLEN-3,,
,,
FRI-403-1,,
FRI-403-2,,
FRI-403-3,,
FRI-403-4,,
FRI-403-5,,
,,
FRI-404-1,,
FRI-404-2,,
FRI-404-3,,
FRI-404-4,,
,,
FRI-405-1,,
FRI-405-2,,
FRI-405-3,,
FRI-405-4,,
,,
SAT-PLEN-1,,
SAT-PLEN-2,,